Food Category,Item Classification,Item Description,Quantity
Baby Food,Baby Cereals,BabyCereals-250g-Halal,2
Baby Food,Baby Cereals,BabyCereals-450g,1
Baby Food,Baby Cereals,BabyCereals-50g-Halal,2
Baby Food,Baby Food,BabyFood-150g,5
Baby Food,Baby Food,BabyFood-50g,13
Baby Food,Baby Food,BabyFood-50g-Halal,4
Baby Food,Baby Milk Powder,BabyMilkPowder-250g,1
Baby Food,Baby Milk Powder,BabyMilkPowder-350g,2
Baby Food,Baby Milk Powder,BabyMilkPowder-350g-Halal,1
Baby Food,Baby Milk Powder,BabyMilkPowder-450g-Halal,1
Baby Food,Baby Milk Powder,BabyMilkPowder-50g-Halal,7
Baby Food,Baby Milk Powder,BabyMilkPowder-50g,5
Baby Food,Baby Milk Powder,BabyMilkPowder-650g-Halal,5
Baby Food,Baby Milk Powder,BabyMilkPowder-750g-Halal,2
Baby Food,Baby Milk Powder,BabyMilkPowder-850g-Halal,1
Baby Food,Baby Milk Powder,BabyMilkPowder-850g,1
Baby Food,Baby Milk Powder,BabyMilkPowder-950g-Halal,1
Baking Needs,Baking Powder,BakingPowder-50g-Halal,1
Baking Needs,Flour,CornFlour-450g-Halal,1
Baking Needs,Flour,Flour-1.5kg,1
Baking Needs,Flour,Flour-950g-Halal,2
Baking Needs,Flour,OatFlour-650g,1
Baking Needs,Flour,PremixPowder-1.5kg,1
Baking Needs,Flour,RiceFlour-1.5kg-Halal,1
Baking Needs,Other Baking Needs,AgarAgarPowder-10g-Halal,1
Baking Needs,Other Baking Needs,JellyCrystals-150g-Halal,1
Baking Needs,Other Baking Needs,Sago-550g,1
Baking Needs,Other Baking Needs,SkimmedMilkPowder-250g,1
Baking Needs,Premix Powder,PancakeMix-450g,1
Baking Needs,Premix Powder,PremixPowder-150g,2
Baking Needs,Premix Powder,PremixPowder-250g,1
Baking Needs,Premix Powder,PremixPowder-250g-Halal,1
Baking Needs,Premix Powder,PremixPowder-350g,1
Baking Needs,Premix Powder,PremixPowder-450g,1
Beverages,Hot Beverages,AdultMilkPowder-1.5kg-Halal,4
Beverages,Hot Beverages,AdultMilkPowder-1.5kg-Halal,9
Beverages,Hot Beverages,AdultMilkPowder-150g-Halal,2
Beverages,Hot Beverages,AdultMilkPowder-350g,1
Beverages,Hot Beverages,AdultMilkPowder-450g-Halal,70
Beverages,Hot Beverages,AdultMilkPowder-50g-Halal,4
Beverages,Hot Beverages,AdultMilkPowder-50g-Halal,17
Beverages,Hot Beverages,AdultMilkPowder-550g-Halal,8
Beverages,Hot Beverages,AdultMilkPowder-650g-Halal,27
Beverages,Hot Beverages,AdultMilkPowder-750g-Halal,6
Beverages,Hot Beverages,AdultMilkPowder-950g-Halal,1
Beverages,Hot Beverages,AloeVeraDrink-150g,2
Beverages,Hot Beverages,BabyMilkPowder-2.5kg-Halal,2
Beverages,Hot Beverages,BabyMilkPowder-450g-Halal,1
Beverages,Hot Beverages,BabyMilkPowder-50g-Halal,2
Beverages,Hot Beverages,Bandung-50g-Halal,1
Beverages,Hot Beverages,BrownRiceDrink-450g-Halal,1
Beverages,Hot Beverages,BrownRiceDrink-50g-Halal,5
Beverages,Hot Beverages,ChocolateDrinkPowder-150g,1
Beverages,Hot Beverages,ChocolateDrinkPowder-250g,3
Beverages,Hot Beverages,ChocolateDrinkPowder-50g,3
Beverages,Hot Beverages,ChocolateDrinkPowder-50g-Halal,4
Beverages,Hot Beverages,ChocolateDrinkPowder-550g-Halal,1
Beverages,Hot Beverages,ChocolateDrinkPowder-650g-Halal,1
Beverages,Hot Beverages,CoffeePowder-1.5kg-Halal,4
Beverages,Hot Beverages,CoffeePowder-250g-Halal,11
Beverages,Hot Beverages,CoffeePowder-350g,1
Beverages,Hot Beverages,CoffeePowder-350g-Halal,1
Beverages,Hot Beverages,CoffeePowder-350g,1
Beverages,Hot Beverages,CoffeePowder-450g,18
Beverages,Hot Beverages,CoffeePowder-450g-Halal,17
Beverages,Hot Beverages,CoffeePowder-50g,80
Beverages,Hot Beverages,CoffeePowder-50g-Halal,71
Beverages,Hot Beverages,CoffeePowder-50g-Halal,9
Beverages,Hot Beverages,CoffeePowder-550g,1
Beverages,Hot Beverages,CoffeePowder-550g-Halal,5
Beverages,Hot Beverages,CoffeePowder-650g-Halal,8
Beverages,Hot Beverages,CoffeePowder-650g,28
Beverages,Hot Beverages,CoffeePowder-750g-Halal,1
Beverages,Hot Beverages,CoffeePowder-750g-Halal,2
Beverages,Hot Beverages,CoffeePowder-850g-Halal,4
Beverages,Hot Beverages,CoffeePowder-850g,1
Beverages,Hot Beverages,Creamer-450g-Halal,3
Beverages,Hot Beverages,FloralTea-50g,1
Beverages,Hot Beverages,GreenTeaPowder-250g,1
Beverages,Hot Beverages,HerbalDrink-250g,1
Beverages,Hot Beverages,HerbalDrink-350g,1
Beverages,Hot Beverages,HoneyLimeLemon-950g,1
Beverages,Hot Beverages,Horlicks-250g-Halal,1
Beverages,Hot Beverages,Horlicks-450g-Halal,5
Beverages,Hot Beverages,Horlicks-550g,1
Beverages,Hot Beverages,InstantCereal/Oats-1.5kg-Halal,8
Beverages,Hot Beverages,InstantCereal/Oats-150g-Halal,6
Beverages,Hot Beverages,InstantCereal/Oats-250g-Halal,6
Beverages,Hot Beverages,InstantCereal/Oats-250g,5
Beverages,Hot Beverages,InstantCereal/Oats-350g,2
Beverages,Hot Beverages,InstantCereal/Oats-350g-Halal,1
Beverages,Hot Beverages,InstantCereal/Oats-450g-Halal,11
Beverages,Hot Beverages,InstantCereal/Oats-450g,1
Beverages,Hot Beverages,InstantCereal/Oats-50g-Halal,7
Beverages,Hot Beverages,InstantCereal/Oats-50g,7
Beverages,Hot Beverages,InstantCereal/Oats-550g,8
Beverages,Hot Beverages,InstantCereal/Oats-550g-Halal,2
Beverages,Hot Beverages,InstantCereal/Oats-650g-Halal,1
Beverages,Hot Beverages,InstantCereal/Oats-750g-Halal,1
Beverages,Hot Beverages,InstantCereal/Oats-850g,1
Beverages,Hot Beverages,InstantCereal/Oats-850g-Halal,3
Beverages,Hot Beverages,InstantCereal/Oats-950g-Halal,4
Beverages,Hot Beverages,MiloPowder-1.5kg-Halal,1
Beverages,Hot Beverages,MiloPowder-150g-Halal,29
Beverages,Hot Beverages,MiloPowder-250g-Halal,14
Beverages,Hot Beverages,MiloPowder-26.5kg-Halal,12
Beverages,Hot Beverages,MiloPowder-450g,2
Beverages,Hot Beverages,MiloPowder-450g-Halal,37
Beverages,Hot Beverages,MiloPowder-50g-Halal,13
Beverages,Hot Beverages,MiloPowder-550g-Halal,19
Beverages,Hot Beverages,MiloPowder-550g,1
Beverages,Hot Beverages,MiloPowder-650g-Halal,4
Beverages,Hot Beverages,MiloPowder-950g-Halal,10
Beverages,Hot Beverages,Nutrimix-750g,1
Beverages,Hot Beverages,OatCereal-50g-Halal,13
Beverages,Hot Beverages,Ovaltine-150g,1
Beverages,Hot Beverages,Ovaltine-650g,1
Beverages,Hot Beverages,SoyDrinkPowder-250g,4
Beverages,Hot Beverages,SoyDrinkPowder-50g-Halal,1
Beverages,Hot Beverages,SoyDrinkPowder-950g-Halal,2
Beverages,Hot Beverages,SoyaMilk-350g-Halal,1
Beverages,Hot Beverages,Sweetener-350g-Halal,2
Beverages,Hot Beverages,Tea-150g,35
Beverages,Hot Beverages,Tea-150g-Halal,1
Beverages,Hot Beverages,Tea-250g,5
Beverages,Hot Beverages,Tea-250g-Halal,5
Beverages,Hot Beverages,Tea-450g,2
Beverages,Hot Beverages,Tea-450g-Halal,1
Beverages,Hot Beverages,Tea-50g,40
Beverages,Hot Beverages,Tea-50g-Halal,4
Beverages,Hot Beverages,Tea-550g-Halal,1
Beverages,Hot Beverages,Tea-550g,1
Beverages,Ready to Drink,AlmondMilk-150ml,3
Beverages,Ready to Drink,Barley-250ml-Halal,2
Beverages,Ready to Drink,ChickenEssence-50g-Halal,1
Beverages,Ready to Drink,ChocolateDrink-250ml,2
Beverages,Ready to Drink,ChysanthemumTea-250ml-Halal,1
Beverages,Ready to Drink,CoconutJuice-550g,2
Beverages,Ready to Drink,CoconutWater-350ml,1
Beverages,Ready to Drink,Cordial-250ml-Halal,22
Beverages,Ready to Drink,Cordial-950ml-Halal,1
Beverages,Ready to Drink,EnergyDrink-450ml,1
Beverages,Ready to Drink,EnergyDrink-50ml,2
Beverages,Ready to Drink,FruitJuice-1.5Litres,5
Beverages,Ready to Drink,FruitJuice-250ml-Halal,29
Beverages,Ready to Drink,FruitJuice-250ml,30
Beverages,Ready to Drink,FruitJuice-350ml-Halal,2
Beverages,Ready to Drink,FruitJuice-450ml,1
Beverages,Ready to Drink,FruitJuice-750ml,2
Beverages,Ready to Drink,FruitJuice-950ml-Halal,2
Beverages,Ready to Drink,FruitJuice-950ml,1
Beverages,Ready to Drink,GreenTea-250ml-Halal,2
Beverages,Ready to Drink,HerbalDrink-1.5Litres-Halal,2
Beverages,Ready to Drink,HerbalDrink-50ml-Halal,2
Beverages,Ready to Drink,MelonMilk-250ml-Halal,1
Beverages,Ready to Drink,Milk-250ml-Halal,2
Beverages,Ready to Drink,Milk-950ml,2
Beverages,Ready to Drink,Milk-950ml-Halal,64
Beverages,Ready to Drink,Milo-150ml-Halal,3
Beverages,Ready to Drink,Milo-4.5litres-Halal,1
Beverages,Ready to Drink,Milo-50ml-Halal,21
Beverages,Ready to Drink,OolongTea-350ml-Halal,2
Beverages,Ready to Drink,SoftDrink-1.5Litres-Halal,12
Beverages,Ready to Drink,SoftDrink-250ml,4
Beverages,Ready to Drink,SoftDrink-350ml-Halal,16
Beverages,Ready to Drink,SoftDrink-350ml,37
Beverages,Ready to Drink,SoftDrink-550ml-Halal,20
Beverages,Ready to Drink,SoyaMilk-150ml-Halal,1
Beverages,Ready to Drink,SoyaMilk-150ml-Halal,1
Beverages,Ready to Drink,SoyaMilk-250ml-Halal,19
Beverages,Ready to Drink,SoyaMilk-950ml,1
Beverages,Ready to Drink,SoyaMilk-950ml-Halal,1
Beverages,Ready to Drink,SparklingJuice-750ml-Halal,1
Beverages,Ready to Drink,Tea-1.5Litres-Halal,6
Beverages,Ready to Drink,Tea-1.5Litres,1
Beverages,Ready to Drink,Tea-250ml-Halal,34
Beverages,Ready to Drink,Tea-250ml,20
Beverages,Ready to Drink,Tea-350ml,3
Beverages,Ready to Drink,Tea-550ml-Halal,1
Beverages,Ready to Drink,Tea-950ml-Halal,1
Beverages,Ready to Drink,UHTMilk-1.5Litres-Halal,5
Beverages,Ready to Drink,UHTMilk-1.5Litres,3
Beverages,Ready to Drink,UHTMilk-150ml-Halal,6
Beverages,Ready to Drink,UHTMilk-250ml-Halal,6
Beverages,Ready to Drink,UHTMilk-450ml-Halal,4
Beverages,Ready to Drink,UHTMilk-950ml-Halal,6
Beverages,Ready to Drink,Water-1.5Litres,43
Beverages,Ready to Drink,Water-250ml,5
Beverages,Ready to Drink,Water-350ml,204
Beverages,Ready to Drink,Water-550ml,11
Beverages,Ready to Drink,Water-650ml,3
Canned Food,Beans/Peas/Peanuts,BakedBeans-250g,181
Canned Food,Beans/Peas/Peanuts,BakedBeans-250g-Halal,86
Canned Food,Beans/Peas/Peanuts,BakedBeans-350g,10
Canned Food,Beans/Peas/Peanuts,BakedBeans-450g-Halal,104
Canned Food,Beans/Peas/Peanuts,BakedBeans-450g,35
Canned Food,Beans/Peas/Peanuts,BakedBeans-550g,1
Canned Food,Beans/Peas/Peanuts,BlackBeans-150g-Halal,1
Canned Food,Beans/Peas/Peanuts,BlackBeans-450g,1
Canned Food,Beans/Peas/Peanuts,BlackBeans-550g,1
Canned Food,Beans/Peas/Peanuts,BraisedPeanuts-150g-Halal,2
Canned Food,Beans/Peas/Peanuts,BraisedPeanuts-150g,22
Canned Food,Beans/Peas/Peanuts,BraisedPeanuts-250g,1
Canned Food,Beans/Peas/Peanuts,BraisedPeanuts-750g,1
Canned Food,Beans/Peas/Peanuts,BraisedPeanuts-850g,1
Canned Food,Beans/Peas/Peanuts,BroadBeans-350g,1
Canned Food,Beans/Peas/Peanuts,CanelliniBeans-450g,2
Canned Food,Beans/Peas/Peanuts,ChickPeas-350g,1
Canned Food,Beans/Peas/Peanuts,ChickPeas-450g-Halal,2
Canned Food,Beans/Peas/Peanuts,ChickPeas-450g,4
Canned Food,Beans/Peas/Peanuts,Corn-450g-Halal,2
Canned Food,Beans/Peas/Peanuts,FavaBean-450g,1
Canned Food,Beans/Peas/Peanuts,GarbanzoBeans-450g,1
Canned Food,Beans/Peas/Peanuts,GarbanzoBeans-450g,1
Canned Food,Beans/Peas/Peanuts,GingkoNuts-350g-Halal,2
Canned Food,Beans/Peas/Peanuts,GingkoNuts-350g,1
Canned Food,Beans/Peas/Peanuts,GingkoNuts-450g,1
Canned Food,Beans/Peas/Peanuts,GreenPeas-150g-Halal,1
Canned Food,Beans/Peas/Peanuts,GreenPeas-250g-Halal,2
Canned Food,Beans/Peas/Peanuts,GreenPeas-350g,1
Canned Food,Beans/Peas/Peanuts,GreenPeas-350g-Halal,2
Canned Food,Beans/Peas/Peanuts,GreenPeas-450g-Halal,1
Canned Food,Beans/Peas/Peanuts,GreenPeas-450g,1
Canned Food,Beans/Peas/Peanuts,KidneyBeans-150g,1
Canned Food,Beans/Peas/Peanuts,KidneyBeans-350g,2
Canned Food,Beans/Peas/Peanuts,KidneyBeans-450g-Halal,3
Canned Food,Beans/Peas/Peanuts,KidneyBeans-450g,7
Canned Food,Beans/Peas/Peanuts,PintoBeans-450g,2
Canned Food,Beans/Peas/Peanuts,RefriedBeans-450g,2
Canned Food,Beans/Peas/Peanuts,TunaandBeans-150g,1
Canned Food,Beans/Peas/Peanuts,WaterChestnut-550g,1
Canned Food,Beans/Peas/Peanuts,WhiteBeans-450g,1
Canned Food,Dairy,CondensedMilk-350g,3
Canned Food,Dairy,CondensedMilk-450g,1
Canned Food,Dairy,Cream-150g-Halal,1
Canned Food,Dairy,Cream-250g,1
Canned Food,Dairy,Milk-350g-Halal,1
Canned Food,Dairy,Sweetener-350g-Halal,31
Canned Food,Fish/Seafood,Abalone-450g,3
Canned Food,Fish/Seafood,Abalone-450g-Halal,1
Canned Food,Fish/Seafood,Clams-450g,1
Canned Food,Fish/Seafood,Clams-450g-Halal,1
Canned Food,Fish/Seafood,Croaker-150g,1
Canned Food,Fish/Seafood,Dace-150g,1
Canned Food,Fish/Seafood,FischeonMeat-350g-Halal,1
Canned Food,Fish/Seafood,FischeonMeat-450g-Halal,2
Canned Food,Fish/Seafood,Foie-50g,2
Canned Food,Fish/Seafood,Mackerel-150g-Halal,1
Canned Food,Fish/Seafood,Mackerel-350g-Halal,1
Canned Food,Fish/Seafood,Mackerel-450g-Halal,4
Canned Food,Fish/Seafood,Octopus-50g,1
Canned Food,Fish/Seafood,Sardines-1.5kg-Halal,5
Canned Food,Fish/Seafood,Sardines-150g-Halal,55
Canned Food,Fish/Seafood,Sardines-150g,11
Canned Food,Fish/Seafood,Sardines-250g,36
Canned Food,Fish/Seafood,Sardines-450g-Halal,82
Canned Food,Fish/Seafood,Sardines-450g,2
Canned Food,Fish/Seafood,Sardines-50g-Halal,1
Canned Food,Fish/Seafood,Sauce-250g-Halal,1
Canned Food,Fish/Seafood,SeaAsparagus-450g-Halal,3
Canned Food,Fish/Seafood,Topshell-150g-Halal,1
Canned Food,Fish/Seafood,Topshell-450g-Halal,32
Canned Food,Fish/Seafood,Tuna-150g,96
Canned Food,Fish/Seafood,Tuna-150g-Halal,42
Canned Food,Fish/Seafood,Tuna-250g-Halal,1
Canned Food,Fish/Seafood,Tuna-350g-Halal,4
Canned Food,Fish/Seafood,Tuna-50g-Halal,1
Canned Food,Fish/Seafood,Tuna-50g,4
Canned Food,Fruits,FruitCocktail/MixedFruits-150g-Halal,6
Canned Food,Fruits,FruitCocktail/MixedFruits-250g-Halal,6
Canned Food,Fruits,FruitCocktail/MixedFruits-450g-Halal,7
Canned Food,Fruits,FruitCocktail/MixedFruits-550g-Halal,20
Canned Food,Fruits,FruitCocktail/MixedFruits-850g-Halal,2
Canned Food,Fruits,FruitCocktail/MixedFruits-850g,1
Canned Food,Fruits,Longan-250g-Halal,1
Canned Food,Fruits,Longan-550g-Halal,4
Canned Food,Fruits,Longan-650g-Halal,2
Canned Food,Fruits,Loquats-550g,1
Canned Food,Fruits,Lychee-2.5kg-Halal,2
Canned Food,Fruits,Lychee-250g-Halal,6
Canned Food,Fruits,Lychee-550g-Halal,8
Canned Food,Fruits,Lychee-550g,1
Canned Food,Fruits,Orange-250g-Halal,1
Canned Food,Fruits,Orange-350g,1
Canned Food,Fruits,PalmFruit-550g-Halal,2
Canned Food,Fruits,Peach-450g,4
Canned Food,Fruits,Peach-450g-Halal,1
Canned Food,Fruits,Peach-850g,3
Canned Food,Fruits,Pineapple-150g-Halal,1
Canned Food,Fruits,Pineapple-550g,1
Canned Food,Fruits,Pineapple-550g-Halal,7
Canned Food,Fruits,Rambutan-550g-Halal,3
Canned Food,Meat,Beef-150g,1
Canned Food,Meat,Beef-350g-Halal,2
Canned Food,Meat,Beef-350g,2
Canned Food,Meat,Chaosansi-150g,7
Canned Food,Meat,Chicken-150g,1
Canned Food,Meat,Chicken-250g-Halal,1
Canned Food,Meat,Chicken-350g-Halal,8
Canned Food,Meat,Chicken-450g,3
Canned Food,Meat,Duck-150g,2
Canned Food,Meat,Haggis-350g,1
Canned Food,Meat,LuncheonMeat-150g,6
Canned Food,Meat,LuncheonMeat-350g,1
Canned Food,Meat,LuncheonMeat-350g,14
Canned Food,Meat,LuncheonMeat-450g,6
Canned Food,Meat,MeatLoaf-350g-Halal,1
Canned Food,Meat,Mutton-350g-Halal,1
Canned Food,Meat,Pork-150g,2
Canned Food,Meat,Pork-250g,1
Canned Food,Meat,Pork-350g,7
Canned Food,Meat,Pork-450g,10
Canned Food,Meat,Pork-50g,3
Canned Food,Meat,Porklegwithmushroom-350g,2
Canned Food,Meat,Tuna-150g-Halal,4
Canned Food,Other Canned Food,BeancurdSkin-250g-Halal,1
Canned Food,Other Canned Food,FriedGluten-150g,1
Canned Food,Other Canned Food,Spaghetti-450g,1
Canned Food,Soup,Abalone-450g,1
Canned Food,Soup,Chicken-250g-Halal,30
Canned Food,Soup,Chicken-350g-Halal,5
Canned Food,Soup,ChickenSoup-300g-Halal,3
Canned Food,Soup,Clams-350g,1
Canned Food,Soup,CornSoup-350g-Halal,2
Canned Food,Soup,Mushroom-250g-Halal,14
Canned Food,Soup,Mushroom-250g-Halal,1
Canned Food,Soup,Mushroom-350g,3
Canned Food,Soup,MushroomSoup-450g,1
Canned Food,Soup,PotatoandLeek-450g-Halal,1
Canned Food,Soup,Soup-250g-Halal,3
Canned Food,Soup,Soup-250g,6
Canned Food,Soup,Soup-350g,8
Canned Food,Soup,Soup-350g-Halal,7
Canned Food,Soup,Soup-450g,8
Canned Food,Soup,Soup-450g-Halal,2
Canned Food,Soup,Soup-550g,1
Canned Food,Soup,Soup-750g,1
Canned Food,Soup,Tomatoes-350g-Halal,2
Canned Food,Soup,Tomatoes-450g,6
Canned Food,Vegetables,Abalone-250g-Halal,1
Canned Food,Vegetables,Corn-150g-Halal,1
Canned Food,Vegetables,Corn-350g,6
Canned Food,Vegetables,Corn-450g,2
Canned Food,Vegetables,Corn-450g-Halal,3
Canned Food,Vegetables,Corn-50g,1
Canned Food,Vegetables,GreenBeans-450g,3
Canned Food,Vegetables,LeafMustard-150g,3
Canned Food,Vegetables,Lettuce-150g-Halal,2
Canned Food,Vegetables,Lettuce-150g,1
Canned Food,Vegetables,Lettuce-250g-Halal,9
Canned Food,Vegetables,Mushrooms-150g-Halal,4
Canned Food,Vegetables,Mushrooms-150g,1
Canned Food,Vegetables,Mushrooms-150g-Halal,5
Canned Food,Vegetables,Mushrooms-250g-Halal,3
Canned Food,Vegetables,Mushrooms-450g-Halal,2
Canned Food,Vegetables,Mushrooms-450g-Halal,3
Canned Food,Vegetables,Mushrooms-450g,35
Canned Food,Vegetables,Mushrooms-450g-Halal,19
Canned Food,Vegetables,Mushrooms-550g-Halal,2
Canned Food,Vegetables,PickledLettuce-150g-Halal,3
Canned Food,Vegetables,StrawMushrooms-450g-Halal,5
Canned Food,Vegetables,TomatoPuree-150g,1
Canned Food,Vegetables,TomatoPuree-350g-Halal,2
Canned Food,Vegetables,TomatoPuree-450g,2
Canned Food,Vegetables,TomatoSauce-50g,1
Canned Food,Vegetables,Tomatoes-1.5kg,4
Canned Food,Vegetables,Tomatoes-150g,1
Canned Food,Vegetables,Tomatoes-2.5kg,2
Canned Food,Vegetables,Tomatoes-450g-Halal,2
Canned Food,Vegetables,Tomatoes-450g,7
Canned Food,Vegetables,Vegetarian-150g,1
Canned Food,Vegetables,Vegetarian-150g,3
Canned Food,Vegetables,Vegetarian-250g,1
Canned Food,Vegetables,Vegetarian-250g-Halal,2
Canned Food,Vegetables,Vegetarian-350g,14
Canned Food,Vegetables,Vegetarian-350g-Halal,1
Condiments,Dairy,CoconutCream-950ml-Halal,1
Condiments,Dairy,CoconutCreamPowder-50g-Halal,1
Condiments,Dairy,CoconutMilk-150g,1
Condiments,Dairy,CoconutMilk-250g-Halal,7
Condiments,Dairy,CondensedMilk-150g,1
Condiments,Dairy,CondensedMilk-350g,1
Condiments,Dairy,CondensedMilk-450g-Halal,22
Condiments,Dairy,Creamer-350g-Halal,1
Condiments,Dairy,Creamer-450g-Halal,1
Condiments,Dairy,EvaporatedMilk-350g-Halal,4
Condiments,Dairy,EvaporatedMilk-450g-Halal,9
Condiments,Herbs & Spices,BasilLeaves-250g-Halal,1
Condiments,Herbs & Spices,BlackSesamePowder-450g-Halal,1
Condiments,Herbs & Spices,ChilliPowder-50g,1
Condiments,Herbs & Spices,CurryPaste-150g,4
Condiments,Herbs & Spices,CurryPaste-250g,1
Condiments,Herbs & Spices,CurryPaste-250g,2
Condiments,Herbs & Spices,CurryPaste-350g,2
Condiments,Herbs & Spices,CurryPowder-50g-Halal,1
Condiments,Herbs & Spices,Garnish-150g,1
Condiments,Herbs & Spices,GingerPowder-50g,1
Condiments,Herbs & Spices,ItalianHerbs-50g,1
Condiments,Herbs & Spices,Olives-250g,1
Condiments,Herbs & Spices,Pepper-250g,2
Condiments,Herbs & Spices,SpicedSpinachGravy-350g,1
Condiments,Herbs & Spices,Spices-350g,1
Condiments,Herbs & Spices,Spices-50g-Halal,1
Condiments,Herbs & Spices,Spices-50g,3
Condiments,Herbs & Spices,TandooriMasala-50g-Halal,1
Condiments,Herbs & Spices,Turmeric-50g,1
Condiments,Oil & fats,CoconutOil-550ml,1
Condiments,Oil & fats,CookingOil-1.5Litres-Halal,15
Condiments,Oil & fats,CookingOil-1.5Litres,4
Condiments,Oil & fats,CookingOil-18.5Litres-Halal,3
Condiments,Oil & fats,CookingOil-2.5Litres-Halal,39
Condiments,Oil & fats,CookingOil-3.5litres-Halal,1
Condiments,Oil & fats,CookingOil-450ml,2
Condiments,Oil & fats,CookingOil-450ml-Halal,1
Condiments,Oil & fats,CookingOil-5.5Litres-Halal,2
Condiments,Oil & fats,CookingOil-5.5Litres,1
Condiments,Oil & fats,CookingOil-550ml-Halal,7
Condiments,Oil & fats,CookingOil-950ml-Halal,33
Condiments,Oil & fats,OliveOil-950ml,1
Condiments,Oil & fats,SesameOil-250ml-Halal,1
Condiments,Salt,Salt-1.5kg-Halal,3
Condiments,Salt,Salt-1.5kg,3
Condiments,Salt,Salt-250g-Halal,7
Condiments,Salt,Salt-3.5kg-Halal,3
Condiments,Salt,Salt-450g-Halal,3
Condiments,Salt,Salt-450g,2
Condiments,Salt,Salt-550g-Halal,9
Condiments,Salt,Salt-550g,2
Condiments,Sauces & Dressing,AbaloneSauce-350g-Halal,1
Condiments,Sauces & Dressing,AppleSauce-150g,5
Condiments,Sauces & Dressing,BBQsauce-350g,1
Condiments,Sauces & Dressing,BBQsauce-550g,1
Condiments,Sauces & Dressing,BeanPaste-250g,1
Condiments,Sauces & Dressing,BeanSauce-150g,1
Condiments,Sauces & Dressing,BlackBeansauce-250g,1
Condiments,Sauces & Dressing,ChilliSauce-150g,1
Condiments,Sauces & Dressing,ChilliSauce-250g,1
Condiments,Sauces & Dressing,ChilliSauce-250g-Halal,2
Condiments,Sauces & Dressing,ChilliSauce-3.5kg-Halal,1
Condiments,Sauces & Dressing,ChilliSauce-350g-Halal,2
Condiments,Sauces & Dressing,ChutneySauce-250g-Halal,1
Condiments,Sauces & Dressing,DarkSoySauce-450g-Halal,1
Condiments,Sauces & Dressing,FishSauce-250g-Halal,2
Condiments,Sauces & Dressing,FishSauce-750g-Halal,1
Condiments,Sauces & Dressing,HaeBeeHiam-150g-Halal,1
Condiments,Sauces & Dressing,Jam-250g,1
Condiments,Sauces & Dressing,LightSoySauce-650g-Halal,4
Condiments,Sauces & Dressing,MaboSauce-150g,1
Condiments,Sauces & Dressing,Mayonnaise-250g-Halal,1
Condiments,Sauces & Dressing,Orangedressing-450g,1
Condiments,Sauces & Dressing,OysterSauce-550g-Halal,1
Condiments,Sauces & Dressing,OysterSauce-550g,2
Condiments,Sauces & Dressing,PastaSauce-150g,3
Condiments,Sauces & Dressing,PastaSauce-250g-Halal,6
Condiments,Sauces & Dressing,PastaSauce-350g-Halal,1
Condiments,Sauces & Dressing,PastaSauce-450g,1
Condiments,Sauces & Dressing,PastaSauce-50g,1
Condiments,Sauces & Dressing,PizzaSauce-450g,2
Condiments,Sauces & Dressing,SaladDressing-350g,1
Condiments,Sauces & Dressing,SaladDressing-450g-Halal,1
Condiments,Sauces & Dressing,Sauce-250g,2
Condiments,Sauces & Dressing,Sauce-250g-Halal,1
Condiments,Sauces & Dressing,Sauces-650g-Halal,10
Condiments,Sauces & Dressing,ScallopSauce-150g-Halal,1
Condiments,Sauces & Dressing,Spices-150g,1
Condiments,Sauces & Dressing,SteakSauce-50g,2
Condiments,Sauces & Dressing,Sweet&SourSauce-350g-Halal,1
Condiments,Sauces & Dressing,Sweet&SourSauce-350g-Halal,1
Condiments,Sauces & Dressing,TomatoPuree-350g,1
Condiments,Sauces & Dressing,TomatoSauce-350g,2
Condiments,Sauces & Dressing,TomatoSauce-350g-Halal,2
Condiments,Sauces & Dressing,TomatoSauce-750g,1
Condiments,Sauces & Dressing,XOsauce-250g-Halal,1
Condiments,Seasoning,BeefStock-150g-Halal,1
Condiments,Seasoning,ChickenGravy-150g,1
Condiments,Seasoning,ChickenSoup-850g,1
Condiments,Seasoning,DarkSoySauce-350g-Halal,1
Condiments,Seasoning,DarkSoySauce-650g-Halal,2
Condiments,Seasoning,GourmetPowder-350g-Halal,1
Condiments,Seasoning,LightSoySauce-150g-Halal,1
Condiments,Seasoning,LightSoySauce-2.5kg-Halal,1
Condiments,Seasoning,LightSoySauce-350g-Halal,1
Condiments,Seasoning,LightSoySauce-550g-Halal,6
Condiments,Seasoning,LightSoySauce-550g,1
Condiments,Seasoning,LightSoySauce-650g-Halal,6
Condiments,Seasoning,LightSoySauce-650g,1
Condiments,Seasoning,LightSoySauce-950g,1
Condiments,Seasoning,Paste-50g-Halal,2
Condiments,Seasoning,Paste-50g,4
Condiments,Seasoning,Seasoning-350g-Halal,2
Condiments,Seasoning,Seasoning-50g-Halal,1
Condiments,Seasoning,SoupMix-50g-Halal,1
Condiments,Seasoning,SoupStock-150g,1
Condiments,Seasoning,SoupStock-150g-Halal,1
Condiments,Seasoning,SoupStock-50g,1
Condiments,Seasoning,Vinegar-550g,2
Condiments,Spreads,Chocolate-350g,1
Condiments,Spreads,FruitJam-450g-Halal,12
Condiments,Spreads,Jam-250g,3
Condiments,Spreads,Jam-250g-Halal,1
Condiments,Spreads,Jam-350g,1
Condiments,Spreads,Jam-550g,3
Condiments,Spreads,Kaya-250g-Halal,1
Condiments,Spreads,Kaya-450g-Halal,2
Condiments,Spreads,Kaya-550g-Halal,5
Condiments,Spreads,Margarine-250g,1
Condiments,Spreads,PeanutButter-450g-Halal,2
Condiments,Spreads,PeanutButter-550g,1
Condiments,Sugar,BrownSugar-250g,2
Condiments,Sugar,RawSugar-450g,1
Condiments,Sugar,RockSugar-450g,3
Condiments,Sugar,Sugar-1.5kg-Halal,8
Condiments,Sugar,Sugar-1.5kg,5
Condiments,Sugar,Sugar-2.5kg-Halal,2
Condiments,Sugar,Sugar-3.5kg,3
Condiments,Sugar,Sugar-350g,4
Condiments,Sugar,Sugar-450g,1
Condiments,Sugar,Sugar-450g-Halal,1
Condiments,Sugar,Sugar-550g,1
Condiments,Sugar,Sugar-950g-Halal,7
Condiments,Sugar,Sugar-950g,3
Condiments,Syrups,AlmondSyrup-650g,1
Condiments,Syrups,Honey-150g,1
Condiments,Syrups,Honey-250g,1
Condiments,Syrups,Honey-450g-Halal,2
Condiments,Syrups,Honey-50g,3
Condiments,Syrups,MapleSyrup-350g-Halal,1
Condiments,Syrups,MapleSyrup-550g,1
Dried Food,Beans,Grains-850g-Halal,1
Dried Food,Beans/Peas/Peanuts,Almond-550g,1
Dried Food,Beans/Peas/Peanuts,Barley-150g,1
Dried Food,Beans/Peas/Peanuts,Barley-250g,2
Dried Food,Beans/Peas/Peanuts,Barley-550g,2
Dried Food,Beans/Peas/Peanuts,BlackEyedBeans-550g-Halal,2
Dried Food,Beans/Peas/Peanuts,BlackMelonSeeds-250g,1
Dried Food,Beans/Peas/Peanuts,Chickpeas-1.5kg-Halal,2
Dried Food,Beans/Peas/Peanuts,Couscous-450g-Halal,1
Dried Food,Beans/Peas/Peanuts,Dhall-250g-Halal,4
Dried Food,Beans/Peas/Peanuts,Dhall-550g,1
Dried Food,Beans/Peas/Peanuts,Grain-250g,1
Dried Food,Beans/Peas/Peanuts,GreenBeans-350g-Halal,1
Dried Food,Beans/Peas/Peanuts,Groundnuts-150g-Halal,1
Dried Food,Beans/Peas/Peanuts,Kadalai-550g,1
Dried Food,Beans/Peas/Peanuts,Nuts-250g-Halal,2
Dried Food,Beans/Peas/Peanuts,Peanuts-150g-Halal,1
Dried Food,Beans/Peas/Peanuts,RedBeans-550g,2
Dried Food,Beans/Peas/Peanuts,RedBeans-550g-Halal,2
Dried Food,Beans/Peas/Peanuts,RedBeans-950g,1
Dried Food,Beans/Peas/Peanuts,SplitGreenBeans-950g,1
Dried Food,Fruits,Chestnut-150g,1
Dried Food,Fruits,Dates-150g-Halal,1
Dried Food,Fruits,Dates-150g,1
Dried Food,Fruits,Dates-50g-Halal,1
Dried Food,Fruits,Dates-50g,1
Dried Food,Fruits,DriedBanana-450g-Halal,1
Dried Food,Fruits,DriedDurian-150g,1
Dried Food,Fruits,DriedFruits-350g,1
Dried Food,Fruits,DriedMango-150g,3
Dried Food,Fruits,DriedMango-250g-Halal,2
Dried Food,Fruits,DriedMango-250g,1
Dried Food,Fruits,DriedMango-50g,2
Dried Food,Fruits,DriedPlum-150g,1
Dried Food,Fruits,Plums-150g,3
Dried Food,Fruits,Plums-50g,1
Dried Food,Fruits,Plums-50g-Halal,1
Dried Food,Fruits,Prune-150g,1
Dried Food,Meat,BeefFloss-150g-Halal,1
Dried Food,Other Dried Food,ChiaSeeds-450g,1
Dried Food,Other Dried Food,DriedFish-50g,4
Dried Food,Other Dried Food,Fishmaw-250g,1
Dried Food,Other Dried Food,PumpkinSeeds-50g,1
Dried Food,Other Dried Food,RoastedChestnuts-250g,1
Dried Food,Other Dried Food,RoastedChestnuts-50g,1
Dried Food,Other Dried Food,Varagu-550g,1
Dried Food,Others,DriedFish-50g-Halal,1
Dried Food,Vegetables,BlackFungus-150g,1
Dried Food,Vegetables,Mushrooms-150g,1
Dried Food,Vegetables,Mushrooms-50g,3
Dried Food,Vegetables,Onions-250g,1
Dried Food,Vegetables,Seaweed-50g,2
Dried Food,Vegetables,VegetablePowder-50g,1
Dried Food,Vegetables,WhiteFungus-150g,1
Dried Food,Vegetables,WhiteFungus-250g,4
Dried Food,Vegetables,WhiteFungus-50g,1
Others,Health Supplements,Bird'sNest-50g-Halal,1
Others,Health Supplements,ChickenEssence-150g,1
Others,Other Food Items,YuSheng-550g-Halal,1
Others,Supplement,ChickenEssence-450g-Halal,1
Others,Supplement,Fibersource-250ml,36
Others,Supplement,Vitamins-450g-Halal,1
Others,Supplement,Vitamins-750g-Halal,1
Others,Supplement,Vitamins-750g,1
Others,Supplements,Bird'sNest-50g,1
Others,Supplements,ChickenEssence-1.5kg-Halal,1
Others,Supplements,NinJiomPeiPaKoa-50ml,5
Preserved Food,Beans/Peas/Peanuts,BottledPeanutsandBeans-450g,1
Preserved Food,Beans/Peas/Peanuts,PreservedChestnuts-650g,1
Preserved Food,Beans/Peas/Peanuts,PreservedSoyBeans-350g-Halal,1
Preserved Food,Fruits,BottledFruits-250g-Halal,2
Preserved Food,Fruits,Fruits-150g-Halal,1
Preserved Food,Fruits,Prunes-250g,2
Preserved Food,Meat,BottledSausages-450g,2
Preserved Food,Meat,BottledSausages-550g,1
Preserved Food,Meat,BottledSausages-650g-Halal,1
Preserved Food,Meat,BottledSeafood-150g,2
Preserved Food,Meat,InstantJellyfish-150g,1
Preserved Food,Vegetables,BottledOliveVegetables-150g-Halal,1
Preserved Food,Vegetables,BottledOliveVegetables-250g,1
Preserved Food,Vegetables,Cabbage-350g,1
Preserved Food,Vegetables,Corn-450g,1
Preserved Food,Vegetables,InstantSeaVegetables-150g,1
Preserved Food,Vegetables,Mushroom-250g-Halal,1
Preserved Food,Vegetables,Mushroom-50g-Halal,1
Preserved Food,Vegetables,Mushrooms-350g,1
Preserved Food,Vegetables,Pickles-250g,1
Preserved Food,Vegetables,SweetCorn-450g,1
Snacks,Bars,Bars-150g-Halal,1
Snacks,Bars,Bars-150g,2
Snacks,Bars,Bars-250g-Halal,1
Snacks,Bars,Bars-50g,26
Snacks,Biscuit/Crackers,Biscuit/Crackers-1.5kg-Halal,2
Snacks,Biscuit/Crackers,Biscuit/Crackers-1.5kg,1
Snacks,Biscuit/Crackers,Biscuit/Crackers-150g-Halal,126
Snacks,Biscuit/Crackers,Biscuit/Crackers-150g,58
Snacks,Biscuit/Crackers,Biscuit/Crackers-2.5kg-Halal,7
Snacks,Biscuit/Crackers,Biscuit/Crackers-250g-Halal,148
Snacks,Biscuit/Crackers,Biscuit/Crackers-250g,58
Snacks,Biscuit/Crackers,Biscuit/Crackers-3.5kg,6
Snacks,Biscuit/Crackers,Biscuit/Crackers-350g-Halal,139
Snacks,Biscuit/Crackers,Biscuit/Crackers-350g,33
Snacks,Biscuit/Crackers,Biscuit/Crackers-450g,90
Snacks,Biscuit/Crackers,Biscuit/Crackers-450g-Halal,244
Snacks,Biscuit/Crackers,Biscuit/Crackers-50g,119
Snacks,Biscuit/Crackers,Biscuit/Crackers-50g-Halal,145
Snacks,Biscuit/Crackers,Biscuit/Crackers-550g-Halal,1
Snacks,Biscuit/Crackers,Biscuit/Crackers-550g,4
Snacks,Biscuit/Crackers,Biscuit/Crackers-650g,4
Snacks,Biscuit/Crackers,Biscuit/Crackers-650g-Halal,18
Snacks,Biscuit/Crackers,Biscuit/Crackers-750g,2
Snacks,Biscuit/Crackers,Biscuit/Crackers-750g-Halal,7
Snacks,Biscuit/Crackers,Biscuit/Crackers-850g-Halal,17
Snacks,Biscuit/Crackers,Biscuit/Crackers-950g-Halal,11
Snacks,Biscuit/Crackers,Biscuit/Crackers-950g,8
Snacks,Biscuit/Crackers,Chips-150g-Halal,1
Snacks,Biscuit/Crackers,Chips-2.5kg-Halal,3
Snacks,Biscuit/Crackers,Chocolates-850g,4
Snacks,Biscuit/Crackers,Nuts-650g,8
Snacks,Biscuit/Crackers,Sweets-550g-Halal,1
Snacks,Breakfast Cereals,Biscuit/Crackers-350g-Halal,3
Snacks,Breakfast Cereals,BreakfastCereals-1.5kg,1
Snacks,Breakfast Cereals,BreakfastCereals-1.5kg-Halal,1
Snacks,Breakfast Cereals,BreakfastCereals-150g-Halal,25
Snacks,Breakfast Cereals,BreakfastCereals-250g-Halal,1
Snacks,Breakfast Cereals,BreakfastCereals-250g-Halal,47
Snacks,Breakfast Cereals,BreakfastCereals-250g,4
Snacks,Breakfast Cereals,BreakfastCereals-350g-Halal,4
Snacks,Breakfast Cereals,BreakfastCereals-350g,16
Snacks,Breakfast Cereals,BreakfastCereals-450g,2
Snacks,Breakfast Cereals,BreakfastCereals-50g-Halal,30
Snacks,Breakfast Cereals,BreakfastCereals-50g,3
Snacks,Breakfast Cereals,BreakfastCereals-550g-Halal,1
Snacks,Breakfast Cereals,BreakfastCereals-550g,1
Snacks,Breakfast Cereals,BreakfastCereals-750g-Halal,2
Snacks,Breakfast Cereals,BreakfastCereals-750g,2
Snacks,Breakfast Cereals,BreakfastCereals-850g-Halal,1
Snacks,Breakfast Cereals,Oatmeal-250g-Halal,1
Snacks,Breakfast Cereals,Oats-850g-Halal,8
Snacks,Breakfast Cereals,WholeGrain-450g-Halal,2
Snacks,Cakes,Cakes-150g,4
Snacks,Cakes,Cakes-150g-Halal,1
Snacks,Cakes,Cakes-250g,1
Snacks,Cakes,Cakes-350g-Halal,1
Snacks,Cakes,Cakes-450g-Halal,2
Snacks,Cakes,Cakes-450g,1
Snacks,Cakes,Cakes-50g-Halal,2
Snacks,Cakes,Cakes-50g,17
Snacks,Cakes,Cakes-550g-Halal,4
Snacks,Chips,Chips-1.5kg-Halal,1
Snacks,Chips,Chips-150g-Halal,10
Snacks,Chips,Chips-150g,9
Snacks,Chips,Chips-250g-Halal,1
Snacks,Chips,Chips-250g,2
Snacks,Chips,Chips-350g-Halal,5
Snacks,Chips,Chips-50g-Halal,20
Snacks,Chips,Chips-50g,13
Snacks,Chocolates,Chocolates-150g,22
Snacks,Chocolates,Chocolates-150g-Halal,19
Snacks,Chocolates,Chocolates-250g-Halal,4
Snacks,Chocolates,Chocolates-250g,10
Snacks,Chocolates,Chocolates-350g-Halal,2
Snacks,Chocolates,Chocolates-350g,5
Snacks,Chocolates,Chocolates-450g,1
Snacks,Chocolates,Chocolates-450g,2
Snacks,Chocolates,Chocolates-50g-Halal,5
Snacks,Chocolates,Chocolates-50g,60
Snacks,Jelly,Jelly-150g,4
Snacks,Jelly,Jelly-250g,3
Snacks,Jelly,Jelly-250g-Halal,2
Snacks,Jelly,Jelly-350g-Halal,4
Snacks,Jelly,Jelly-50g,4
Snacks,Jelly,Jelly-550g,1
Snacks,Jelly,Jelly-750g-Halal,2
Snacks,Jelly,Jelly-750g,2
Snacks,Jelly,Jelly-850g,1
Snacks,Marshmallows,Marshmallows-150g,1
Snacks,Marshmallows,Marshmallows-350g,1
Snacks,Marshmallows,Marshmallows-50g,18
Snacks,Nuts,Nuts-150g-Halal,17
Snacks,Nuts,Nuts-150g,10
Snacks,Nuts,Nuts-250g,3
Snacks,Nuts,Nuts-250g-Halal,1
Snacks,Nuts,Nuts-350g,3
Snacks,Nuts,Nuts-450g-Halal,2
Snacks,Nuts,Nuts-50g,2
Snacks,Nuts,Nuts-50g-Halal,5
Snacks,Nuts,Nuts-650g-Halal,1
Snacks,Nuts,Nuts-950g-Halal,1
Snacks,Nuts,Peanuts-150g-Halal,1
Snacks,Nuts,Peanuts-2.5kg,1
Snacks,Nuts,Peanuts-50g,1
Snacks,Nuts,Peanuts-550g,1
Snacks,Other Snacks,Bread-50g-Halal,1
Snacks,Other Snacks,Cookies-150g,1
Snacks,Other Snacks,IkanSatay-150g-Halal,1
Snacks,Other Snacks,Popcorn-350g,1
Snacks,Other Snacks,Popcorn-50g-Halal,1
Snacks,Raisins,Raisins-50g-Halal,12
Snacks,Seaweed,Seaweed-250g,1
Snacks,Seaweed,Seaweed-50g-Halal,9
Snacks,Seaweed,Seaweed-50g,12
Snacks,Sweets,Sweets-150g-Halal,13
Snacks,Sweets,Sweets-150g,24
Snacks,Sweets,Sweets-250g-Halal,5
Snacks,Sweets,Sweets-250g,7
Snacks,Sweets,Sweets-350g-Halal,2
Snacks,Sweets,Sweets-350g,1
Snacks,Sweets,Sweets-450g-Halal,1
Snacks,Sweets,Sweets-50g-Halal,7
Snacks,Sweets,Sweets-50g,210
Snacks,Sweets,Sweets-550g,2
Snacks,Sweets,Sweets-650g,1
Staples,Instant Meals,Cereal-150g-Halal,1
Staples,Instant Meals,Cereal-250g-Halal,3
Staples,Instant Meals,Cereal-550g-Halal,2
Staples,Instant Meals,CupPorridge-250g-Halal,1
Staples,Instant Meals,InstantMeals-1.5kg-Halal,2
Staples,Instant Meals,InstantMeals-150g-Halal,7
Staples,Instant Meals,InstantMeals-2.5kg-Halal,5
Staples,Instant Meals,InstantMeals-250g-Halal,3
Staples,Instant Meals,InstantMeals-450g-Halal,1
Staples,Instant Meals,InstantMeals-50g-Halal,1
Staples,Instant Meals,InstantMeals-850g,1
Staples,Instant Meals,InstantNoodles-450g-Halal,2
Staples,Instant Meals,InstantNoodles-50g,15
Staples,Instant Meals,InstantRice-450g,1
Staples,Instant Meals,InstantSoup-50g-Halal,1
Staples,Instant Meals,MixedOats-450g-Halal,1
Staples,Instant Meals,Oatmeal-1.5kg-Halal,2
Staples,Instant Meals,Oatmeal-450g-Halal,3
Staples,Instant Meals,Oatmeal-50g-Halal,6
Staples,Instant Meals,Oatmeal-50g,2
Staples,Instant Meals,Oatmeal-850g,2
Staples,Instant Meals,Oats-1.5kg-Halal,2
Staples,Instant Meals,Oats-250g-Halal,2
Staples,Instant Meals,Oats-950g,1
Staples,Noodles,BeeHoon/Vermicelli-150g,19
Staples,Noodles,BeeHoon/Vermicelli-250g-Halal,1
Staples,Noodles,BeeHoon/Vermicelli-3.5kg-Halal,4
Staples,Noodles,BeeHoon/Vermicelli-350g-Halal,7
Staples,Noodles,BeeHoon/Vermicelli-350g,4
Staples,Noodles,BeeHoon/Vermicelli-450g,10
Staples,Noodles,BeeHoon/Vermicelli-450g-Halal,44
Staples,Noodles,BeeHoon/Vermicelli-550g-Halal,1
Staples,Noodles,BeeHoon/Vermicelli-550g,3
Staples,Noodles,CupNoodles-50g,9
Staples,Noodles,CupNoodles-50g-Halal,8
Staples,Noodles,InstantMeals-350g,4
Staples,Noodles,InstantMeals-450g,11
Staples,Noodles,InstantNoodles-150g-Halal,51
Staples,Noodles,InstantNoodles-150g,11
Staples,Noodles,InstantNoodles-250g-Halal,2
Staples,Noodles,InstantNoodles-350g,1
Staples,Noodles,InstantNoodles-350g-Halal,14
Staples,Noodles,InstantNoodles-450g-Halal,60
Staples,Noodles,InstantNoodles-50g-Halal,77
Staples,Noodles,InstantNoodles-50g,47
Staples,Noodles,InstantNoodles-550g,22
Staples,Noodles,InstantNoodles-550g-Halal,4
Staples,Noodles,InstantNoodles-650g,3
Staples,Noodles,InstantNoodles-650g-Halal,10
Staples,Noodles,InstantNoodles-750g-Halal,1
Staples,Noodles,MeeHoonKway-450g,1
Staples,Noodles,MeeSua-550g,1
Staples,Noodles,Noodles-150g,2
Staples,Noodles,Noodles-250g-Halal,1
Staples,Noodles,Noodles-350g-Halal,1
Staples,Noodles,Noodles-450g-Halal,2
Staples,Noodles,Noodles-450g,2
Staples,Noodles,Noodles-50g,8
Staples,Noodles,Noodles-550g,8
Staples,Noodles,Noodles-550g-Halal,2
Staples,Noodles,Noodles-650g-Halal,1
Staples,Noodles,Noodles-750g-Halal,3
Staples,Pasta,Pasta-50g-Halal,1
Staples,Other Staples,Couscous-250g,1
Staples,Other Staples,Lentil-550g-Halal,16
Staples,Other Staples,Lentils-1.5kg-Halal,4
Staples,Other Staples,Wheat-250g,1
Staples,Pasta,Macaroni-150g-Halal,2
Staples,Pasta,Pasta-250g,1
Staples,Pasta,Pasta-250g-Halal,3
Staples,Pasta,Pasta-350g,3
Staples,Pasta,Pasta-450g-Halal,2
Staples,Pasta,Pasta-450g,9
Staples,Pasta,Pasta-550g-Halal,5
Staples,Pasta,Pasta-550g,52
Staples,Rice,BrownRice-1.5kg,3
Staples,Rice,BrownRice-2.5kg,20
Staples,Rice,BrownRice-2.5kg-Halal,1
Staples,Rice,BrownRice-5.5kg-Halal,2
Staples,Rice,BrownRice-750g-Halal,1
Staples,Rice,MixedGrains-1.5kg-Halal,1
Staples,Rice,MixedRice-2.5kg,1
Staples,Rice,MixedRice-350g-Halal,6
Staples,Rice,MixedRice-50g-Halal,1
Staples,Rice,Puffedrice-250g,1
Staples,Rice,RedRice-1.5kg,1
Staples,Rice,RedRice-1.5kg-Halal,2
Staples,Rice,RedRice-2.5kg,1
Staples,Rice,RedRice-5.5kg,2
Staples,Rice,Rice-25.5kg-Halal,2
Staples,Rice,RiceFlakes-1.5kg,1
Staples,Rice,RiceFlakes-550g,1
Staples,Rice,RiceFlakes-550g,1
Staples,Rice,WhiteRice-1.5kg,30
Staples,Rice,WhiteRice-1.5kg-Halal,1
Staples,Rice,WhiteRice-10.5kg,3
Staples,Rice,WhiteRice-10.5kg-Halal,16
Staples,Rice,WhiteRice-10.5kg,22
Staples,Rice,WhiteRice-2.5kg-Halal,2
Staples,Rice,WhiteRice-2.5kg,17
Staples,Rice,WhiteRice-25.5kg,10
Staples,Rice,WhiteRice-4.5kg,7
Staples,Rice,WhiteRice-450g,3
Staples,Rice,WhiteRice-5.5kg-Halal,76
Staples,Rice,WhiteRice-5.5kg,55
Staples,Rice,WhiteRice-550g,12
Staples,Rice,WhiteRice-950g,3
